Titulo,Autor,Paginas,Generos
Libro_1,Autor_1,48,religion educacion juegos ciencia relatos viajes 
Libro_2,Autor_2,183,gastronomia marketing 
Libro_3,Autor_3,32,ficcion poesia thriller cine servicios periodismo viajes historia 
Libro_4,Autor_4,34,gastronomia cultura terror economia viajes poesia humor ficcion 
Libro_5,Autor_5,298,ciencia terror filosofia politica deportes ficcion leyendas 
Libro_6,Autor_6,379,infantil negocios marketing cine gastronomia juegos tecnologia 
Libro_7,Autor_7,251,periodismo negocios leyendas cine 
Libro_8,Autor_8,275,humor investigacion negocios 
Libro_9,Autor_9,70,tecnologia negocios 
Libro_10,Autor_10,332,ensayo periodismo musica investigacion leyendas deportes negocios 
Libro_11,Autor_11,257,politica ficcion cine periodismo novela investigacion ensayo 
Libro_12,Autor_12,289,filosofia periodismo thriller musica ensayo leyendas deportes fotografia ficcion 
Libro_13,Autor_13,362,servicios cultura poesia 
Libro_14,Autor_14,230,relatos biografia 
Libro_15,Autor_15,499,poesia terror ciencia musica 
Libro_16,Autor_16,85,psicologia fantasia moda servicios periodismo politica arte ficcion drama 
Libro_17,Autor_17,176,arte humor historia ensayo 
Libro_18,Autor_18,294,economia relatos investigacion leyendas ensayo historia 
Libro_19,Autor_19,163,terror marketing periodismo negocios arte fantasia politica 
Libro_20,Autor_20,69,poesia gastronomia investigacion biografia ficcion economia fotografia ciencia 
Libro_21,Autor_21,130,psicologia gastronomia ciencia periodismo humor servicios relatos infantil thriller 
Libro_22,Autor_22,467,leyendas romance terror politica poesia biografia deportes negocios 
Libro_23,Autor_23,395,psicologia historia periodismo filosofia romance 
Libro_24,Autor_24,85,historia informática poesia psicologia 
Libro_25,Autor_25,62,religion gastronomia ciencia informática deportes relatos policial leyendas 
Libro_26,Autor_26,289,moda gastronomia psicologia ensayo fotografia terror educacion marketing thriller 
Libro_27,Autor_27,54,moda biografia humor fotografia periodismo leyendas ensayo thriller 
Libro_28,Autor_28,204,ensayo biografia servicios 
Libro_29,Autor_29,202,musica terror policial viajes 
Libro_30,Autor_30,246,arte deportes marketing informática 
Libro_31,Autor_31,291,periodismo negocios arte 
Libro_32,Autor_32,260,terror investigacion thriller politica 
Libro_33,Autor_33,13,policial fantasia thriller romance negocios terror 
Libro_34,Autor_34,253,educacion economia religion politica novela 
Libro_35,Autor_35,490,religion psicologia terror fantasia 
Libro_36,Autor_36,139,politica infantil viajes gastronomia poesia educacion novela humor fotografia 
Libro_37,Autor_37,180,viajes educacion biografia fantasia poesia negocios tecnologia periodismo moda 
Libro_38,Autor_38,77,gastronomia religion leyendas relatos historia infantil terror 
Libro_39,Autor_39,192,drama policial servicios periodismo poesia religion leyendas 
Libro_40,Autor_40,169,psicologia biografia policial poesia investigacion infantil 
Libro_41,Autor_41,69,periodismo psicologia economia musica cultura informática 
Libro_42,Autor_42,252,ficcion periodismo cine 
Libro_43,Autor_43,5,thriller terror 
Libro_44,Autor_44,385,drama religion deportes 
Libro_45,Autor_45,129,historia relatos ciencia 
Libro_46,Autor_46,13,relatos religion ciencia deportes 
Libro_47,Autor_47,307,juegos politica educacion periodismo 
Libro_48,Autor_48,291,fantasia humor poesia 
Libro_49,Autor_49,131,investigacion politica musica periodismo romance 
Libro_50,Autor_50,62,tecnologia arte terror informática biografia 
Libro_51,Autor_51,283,poesia policial politica arte musica historia 
Libro_52,Autor_52,278,musica arte fotografia tecnologia educacion fantasia 
Libro_53,Autor_53,145,servicios cultura religion marketing drama 
Libro_54,Autor_54,122,infantil gastronomia politica periodismo informática deportes tecnologia biografia historia 
Libro_55,Autor_55,183,leyendas politica poesia deportes terror 
Libro_56,Autor_56,13,fotografia poesia cultura 
Libro_57,Autor_57,443,filosofia novela terror fantasia deportes 
Libro_58,Autor_58,490,arte historia romance deportes infantil gastronomia juegos 
Libro_59,Autor_59,329,arte investigacion poesia 
Libro_60,Autor_60,304,ensayo moda tecnologia 
Libro_61,Autor_61,396,viajes relatos ensayo poesia cine thriller gastronomia 
Libro_62,Autor_62,436,cine deportes economia moda religion 
Libro_63,Autor_63,51,relatos romance marketing fotografia ficcion psicologia 
Libro_64,Autor_64,395,fantasia drama infantil cine leyendas gastronomia politica 
Libro_65,Autor_65,401,historia musica servicios deportes ficcion 
Libro_66,Autor_66,190,filosofia arte drama musica cultura viajes educacion poesia tecnologia 
Libro_67,Autor_67,291,ensayo policial historia leyendas 
Libro_68,Autor_68,349,terror historia ficcion romance biografia 
Libro_69,Autor_69,43,cultura humor novela fotografia religion 
Libro_70,Autor_70,187,educacion musica cultura viajes 
Libro_71,Autor_71,387,drama periodismo romance 
Libro_72,Autor_72,171,servicios arte juegos leyendas religion cine periodismo cultura 
Libro_73,Autor_73,186,psicologia filosofia tecnologia fantasia poesia policial servicios arte terror 
Libro_74,Autor_74,233,poesia moda 
Libro_75,Autor_75,44,juegos economia moda ensayo 
Libro_76,Autor_76,336,ficcion relatos deportes arte negocios thriller gastronomia drama moda 
Libro_77,Autor_77,26,psicologia fantasia humor viajes biografia 
Libro_78,Autor_78,387,psicologia arte economia 
Libro_79,Autor_79,445,gastronomia filosofia arte thriller 
Libro_80,Autor_80,162,juegos relatos tecnologia 
Libro_81,Autor_81,401,psicologia juegos religion informática 
Libro_82,Autor_82,68,deportes politica drama periodismo ficcion tecnologia 
Libro_83,Autor_83,446,religion viajes 
Libro_84,Autor_84,64,poesia drama marketing periodismo 
Libro_85,Autor_85,110,musica religion thriller ciencia 
Libro_86,Autor_86,487,negocios deportes ficcion ensayo filosofia psicologia 
Libro_87,Autor_87,244,biografia arte religion relatos drama economia humor ficcion infantil 
Libro_88,Autor_88,203,novela psicologia 
Libro_89,Autor_89,294,biografia ciencia fotografia viajes servicios 
Libro_90,Autor_90,144,drama tecnologia thriller arte poesia moda novela cine policial 
Libro_91,Autor_91,219,marketing psicologia biografia negocios cine investigacion educacion gastronomia 
Libro_92,Autor_92,170,marketing economia biografia relatos ficcion educacion drama 
Libro_93,Autor_93,169,humor negocios 
Libro_94,Autor_94,152,viajes cine thriller 
Libro_95,Autor_95,130,fotografia moda negocios filosofia ciencia servicios deportes 
Libro_96,Autor_96,109,musica arte ciencia marketing cine 
Libro_97,Autor_97,147,politica humor economia informática tecnologia arte 
Libro_98,Autor_98,71,servicios leyendas infantil 
Libro_99,Autor_99,400,ficcion economia viajes negocios servicios poesia gastronomia periodismo fotografia 
Libro_100,Autor_100,500,historia politica economia cultura biografia humor 
Libro_101,Autor_101,23,terror informática humor juegos relatos 
Libro_102,Autor_102,151,drama novela juegos 
Libro_103,Autor_103,234,ensayo informática viajes fantasia 
Libro_104,Autor_104,62,deportes cine novela 
Libro_105,Autor_105,195,politica romance leyendas tecnologia thriller cultura investigacion 
Libro_106,Autor_106,479,historia informática fotografia educacion religion romance biografia arte 
Libro_107,Autor_107,225,novela ciencia cultura poesia ficcion cine leyendas filosofia negocios 
Libro_108,Autor_108,402,servicios juegos novela economia infantil educacion 
Libro_109,Autor_109,129,cultura filosofia tecnologia infantil moda 
Libro_110,Autor_110,42,viajes relatos musica servicios informática ciencia 
Libro_111,Autor_111,284,deportes biografia filosofia psicologia arte tecnologia cultura viajes politica 
Libro_112,Autor_112,166,fantasia moda 
Libro_113,Autor_113,70,gastronomia cine periodismo infantil negocios 
Libro_114,Autor_114,196,ficcion infantil cultura 
Libro_115,Autor_115,444,periodismo cine religion politica 
Libro_116,Autor_116,148,gastronomia thriller negocios periodismo informática viajes relatos ficcion psicologia 
Libro_117,Autor_117,396,arte deportes politica 
Libro_118,Autor_118,301,relatos historia tecnologia viajes servicios romance negocios novela 
Libro_119,Autor_119,414,educacion infantil economia gastronomia policial musica religion fantasia filosofia 
Libro_120,Autor_120,72,musica fantasia educacion historia gastronomia tecnologia servicios ensayo relatos 
Libro_121,Autor_121,59,investigacion drama viajes 
Libro_122,Autor_122,63,tecnologia ciencia juegos deportes romance politica 
Libro_123,Autor_123,314,fantasia filosofia gastronomia 
Libro_124,Autor_124,8,terror fotografia infantil fantasia 
Libro_125,Autor_125,496,biografia drama thriller 
Libro_126,Autor_126,187,novela humor negocios musica thriller historia infantil 
Libro_127,Autor_127,293,economia romance arte humor infantil servicios psicologia cultura 
Libro_128,Autor_128,355,musica negocios 
Libro_129,Autor_129,129,juegos leyendas marketing thriller politica 
Libro_130,Autor_130,165,ficcion informática filosofia humor 
Libro_131,Autor_131,101,fotografia servicios 
Libro_132,Autor_132,94,thriller politica educacion 
Libro_133,Autor_133,9,cine ficcion cultura humor juegos drama leyendas 
Libro_134,Autor_134,396,tecnologia poesia musica deportes 
Libro_135,Autor_135,58,policial servicios terror drama 
Libro_136,Autor_136,489,relatos servicios juegos leyendas 
Libro_137,Autor_137,133,psicologia cultura gastronomia biografia humor moda ensayo 
Libro_138,Autor_138,267,drama thriller ensayo periodismo marketing novela ficcion biografia 
Libro_139,Autor_139,43,leyendas educacion drama ficcion politica 
Libro_140,Autor_140,115,humor poesia relatos fotografia novela 
Libro_141,Autor_141,383,marketing ensayo relatos 
Libro_142,Autor_142,177,investigacion romance leyendas humor gastronomia marketing ensayo poesia relatos 
Libro_143,Autor_143,278,negocios romance marketing historia ciencia economia 
Libro_144,Autor_144,78,negocios biografia ficcion cultura 
Libro_145,Autor_145,181,moda marketing juegos terror tecnologia gastronomia biografia periodismo filosofia 
Libro_146,Autor_146,486,tecnologia gastronomia fantasia educacion 
Libro_147,Autor_147,171,biografia investigacion drama poesia 
Libro_148,Autor_148,178,tecnologia terror filosofia relatos biografia moda policial infantil 
Libro_149,Autor_149,106,juegos ensayo fotografia arte terror 
Libro_150,Autor_150,258,moda cine educacion ciencia infantil poesia juegos 
Libro_151,Autor_151,261,novela historia juegos servicios infantil leyendas drama 
Libro_152,Autor_152,110,musica poesia arte negocios thriller leyendas cine historia investigacion 
Libro_153,Autor_153,383,economia ficcion periodismo gastronomia negocios cine politica psicologia juegos 
Libro_154,Autor_154,329,educacion deportes religion psicologia 
Libro_155,Autor_155,411,poesia terror 
Libro_156,Autor_156,99,romance fotografia cultura 
Libro_157,Autor_157,212,romance policial 
Libro_158,Autor_158,145,arte moda musica policial 
Libro_159,Autor_159,268,servicios fotografia leyendas educacion novela ciencia infantil 
Libro_160,Autor_160,401,educacion investigacion informática leyendas historia psicologia religion humor 
Libro_161,Autor_161,339,drama romance policial cultura 
Libro_162,Autor_162,444,moda investigacion 
Libro_163,Autor_163,194,psicologia infantil novela 
Libro_164,Autor_164,374,psicologia terror negocios humor ficcion ciencia 
Libro_165,Autor_165,1,romance juegos psicologia historia fotografia poesia marketing 
Libro_166,Autor_166,325,arte cultura psicologia fantasia 
Libro_167,Autor_167,11,drama deportes novela periodismo poesia 
Libro_168,Autor_168,373,historia educacion 
Libro_169,Autor_169,12,viajes moda gastronomia 
Libro_170,Autor_170,226,marketing ficcion poesia psicologia ensayo fotografia 
Libro_171,Autor_171,56,terror negocios psicologia arte tecnologia ensayo informática infantil investigacion 
Libro_172,Autor_172,444,filosofia terror cine viajes thriller 
Libro_173,Autor_173,74,arte musica periodismo fotografia terror 
Libro_174,Autor_174,421,policial leyendas cine servicios 
Libro_175,Autor_175,163,thriller deportes relatos investigacion moda gastronomia politica economia 
Libro_176,Autor_176,53,drama leyendas periodismo thriller terror cultura fantasia 
Libro_177,Autor_177,351,musica ficcion ciencia juegos biografia poesia moda tecnologia filosofia 
Libro_178,Autor_178,200,novela gastronomia fotografia viajes cultura ciencia economia 
Libro_179,Autor_179,215,ciencia novela fotografia 
Libro_180,Autor_180,404,gastronomia servicios leyendas thriller 
Libro_181,Autor_181,408,poesia drama economia humor musica religion romance ficcion 
Libro_182,Autor_182,465,cine policial educacion humor musica servicios tecnologia 
Libro_183,Autor_183,113,arte informática novela servicios cine ciencia policial fantasia tecnologia 
Libro_184,Autor_184,437,leyendas infantil psicologia investigacion politica cultura viajes marketing 
Libro_185,Autor_185,220,viajes drama 
Libro_186,Autor_186,456,fantasia psicologia filosofia humor investigacion romance deportes ficcion 
Libro_187,Autor_187,274,psicologia musica poesia fotografia ensayo fantasia infantil romance 
Libro_188,Autor_188,318,moda marketing terror fotografia gastronomia novela cultura 
Libro_189,Autor_189,262,cine leyendas thriller terror humor informática novela 
Libro_190,Autor_190,267,ciencia ensayo poesia romance educacion politica historia 
Libro_191,Autor_191,323,thriller gastronomia 
Libro_192,Autor_192,390,romance thriller humor deportes moda cine fantasia 
Libro_193,Autor_193,499,viajes ensayo investigacion educacion filosofia 
Libro_194,Autor_194,352,psicologia thriller ensayo 
Libro_195,Autor_195,47,tecnologia ensayo viajes religion 
Libro_196,Autor_196,206,tecnologia periodismo 
Libro_197,Autor_197,384,marketing novela cultura psicologia fotografia 
Libro_198,Autor_198,219,cine psicologia religion historia gastronomia ficcion thriller 
Libro_199,Autor_199,86,musica historia 
Libro_200,Autor_200,314,cultura biografia thriller ciencia fotografia marketing filosofia 
Libro_201,Autor_201,143,tecnologia humor religion 
Libro_202,Autor_202,90,cultura cine romance educacion arte servicios filosofia gastronomia humor 
Libro_203,Autor_203,288,servicios economia viajes 
Libro_204,Autor_204,439,negocios viajes humor cultura educacion leyendas policial 
Libro_205,Autor_205,114,thriller drama novela policial 
Libro_206,Autor_206,139,ciencia policial fantasia 
Libro_207,Autor_207,85,drama policial infantil historia negocios ciencia 
Libro_208,Autor_208,83,deportes historia 
Libro_209,Autor_209,288,leyendas psicologia educacion 
Libro_210,Autor_210,30,marketing romance deportes musica politica 
Libro_211,Autor_211,66,romance novela economia cine 
Libro_212,Autor_212,430,policial periodismo thriller tecnologia 
Libro_213,Autor_213,89,ensayo investigacion 
Libro_214,Autor_214,110,educacion thriller romance periodismo 
Libro_215,Autor_215,153,poesia cine humor policial 
Libro_216,Autor_216,213,psicologia musica filosofia cultura thriller investigacion 
Libro_217,Autor_217,370,drama filosofia 
Libro_218,Autor_218,312,cine leyendas politica gastronomia 
Libro_219,Autor_219,384,informática thriller terror cultura servicios arte historia 
Libro_220,Autor_220,393,servicios juegos deportes ficcion periodismo negocios 
Libro_221,Autor_221,339,religion negocios biografia moda ficcion ensayo 
Libro_222,Autor_222,483,historia ensayo poesia moda informática 
Libro_223,Autor_223,283,juegos terror gastronomia deportes thriller servicios viajes 
Libro_224,Autor_224,354,leyendas policial historia juegos cine negocios musica 
Libro_225,Autor_225,8,ciencia biografia economia 
Libro_226,Autor_226,455,thriller cultura humor 
Libro_227,Autor_227,34,economia poesia 
Libro_228,Autor_228,194,juegos psicologia humor servicios investigacion relatos 
Libro_229,Autor_229,279,poesia infantil educacion ficcion economia deportes biografia ciencia 
Libro_230,Autor_230,192,musica poesia filosofia juegos thriller psicologia fantasia religion fotografia 
Libro_231,Autor_231,221,viajes cultura ciencia deportes filosofia 
Libro_232,Autor_232,440,cine informática religion infantil fantasia 
Libro_233,Autor_233,250,ensayo novela religion 
Libro_234,Autor_234,37,educacion relatos drama arte fotografia leyendas 
Libro_235,Autor_235,46,educacion tecnologia historia negocios economia 
Libro_236,Autor_236,98,ficcion terror juegos novela 
Libro_237,Autor_237,110,leyendas gastronomia servicios juegos policial religion cine deportes marketing 
Libro_238,Autor_238,378,novela arte deportes politica viajes cine 
Libro_239,Autor_239,278,poesia economia humor politica relatos ensayo juegos ciencia 
Libro_240,Autor_240,446,cultura politica negocios cine 
Libro_241,Autor_241,497,drama moda politica educacion novela negocios arte historia 
Libro_242,Autor_242,327,ciencia novela poesia tecnologia infantil investigacion 
Libro_243,Autor_243,451,moda informática musica leyendas 
Libro_244,Autor_244,331,juegos informática cine politica musica poesia biografia historia 
Libro_245,Autor_245,388,drama thriller arte 
Libro_246,Autor_246,405,drama gastronomia fotografia cultura ciencia humor 
Libro_247,Autor_247,101,informática policial educacion fantasia thriller leyendas humor 
Libro_248,Autor_248,218,servicios marketing drama novela periodismo biografia humor policial infantil 
Libro_249,Autor_249,269,deportes cine arte romance humor 
Libro_250,Autor_250,323,informática educacion ensayo religion economia arte viajes 
Libro_251,Autor_251,111,servicios investigacion periodismo gastronomia 
Libro_252,Autor_252,469,informática periodismo arte 
Libro_253,Autor_253,346,ciencia humor poesia cine economia gastronomia 
Libro_254,Autor_254,397,juegos arte periodismo filosofia informática marketing novela musica 
Libro_255,Autor_255,498,negocios ciencia psicologia moda ensayo politica investigacion fotografia historia 
Libro_256,Autor_256,76,terror periodismo 
Libro_257,Autor_257,335,humor ensayo biografia relatos romance poesia negocios 
Libro_258,Autor_258,43,economia ciencia relatos periodismo tecnologia 
Libro_259,Autor_259,298,terror policial relatos musica politica educacion marketing negocios 
Libro_260,Autor_260,348,educacion infantil cine filosofia biografia terror religion 
Libro_261,Autor_261,126,servicios cultura ensayo negocios cine viajes infantil humor 
Libro_262,Autor_262,395,filosofia poesia 
Libro_263,Autor_263,229,viajes thriller 
Libro_264,Autor_264,311,fotografia novela ciencia filosofia informática terror poesia viajes 
Libro_265,Autor_265,415,psicologia investigacion 
Libro_266,Autor_266,55,musica marketing infantil biografia deportes thriller filosofia novela 
Libro_267,Autor_267,258,psicologia humor 
Libro_268,Autor_268,477,humor viajes policial fotografia infantil 
Libro_269,Autor_269,302,psicologia romance historia servicios negocios cultura ensayo terror periodismo 
Libro_270,Autor_270,354,fotografia cine novela biografia politica infantil 
Libro_271,Autor_271,296,ciencia cultura fotografia 
Libro_272,Autor_272,272,humor religion economia viajes fotografia 
Libro_273,Autor_273,190,poesia informática 
Libro_274,Autor_274,169,historia politica 
Libro_275,Autor_275,471,tecnologia politica romance economia moda 
Libro_276,Autor_276,405,gastronomia policial servicios romance relatos investigacion marketing infantil 
Libro_277,Autor_277,180,periodismo leyendas novela ensayo tecnologia filosofia informática arte relatos 
Libro_278,Autor_278,128,thriller relatos filosofia ensayo marketing novela viajes 
Libro_279,Autor_279,420,informática periodismo relatos ensayo 
Libro_280,Autor_280,107,infantil humor tecnologia viajes relatos ficcion 
Libro_281,Autor_281,272,poesia informática arte servicios romance biografia infantil 
Libro_282,Autor_282,422,novela servicios religion infantil 
Libro_283,Autor_283,282,fotografia novela filosofia terror servicios moda informática 
Libro_284,Autor_284,260,deportes gastronomia servicios thriller arte 
Libro_285,Autor_285,29,moda informática thriller viajes negocios leyendas romance 
Libro_286,Autor_286,168,psicologia ciencia poesia 
Libro_287,Autor_287,374,terror drama cine moda investigacion tecnologia 
Libro_288,Autor_288,215,filosofia moda psicologia romance leyendas deportes fotografia 
Libro_289,Autor_289,394,fotografia ficcion psicologia leyendas romance terror 
Libro_290,Autor_290,346,politica romance relatos investigacion educacion humor deportes juegos periodismo 
Libro_291,Autor_291,39,religion economia informática novela periodismo marketing infantil tecnologia 
Libro_292,Autor_292,440,economia investigacion deportes 
Libro_293,Autor_293,68,policial periodismo tecnologia poesia negocios informática historia 
Libro_294,Autor_294,308,relatos humor psicologia poesia educacion tecnologia deportes romance infantil 
Libro_295,Autor_295,104,politica servicios negocios cine arte filosofia educacion gastronomia 
Libro_296,Autor_296,231,ensayo servicios periodismo relatos poesia religion terror negocios 
Libro_297,Autor_297,275,filosofia leyendas poesia marketing ficcion historia economia 
Libro_298,Autor_298,132,moda fantasia terror politica policial deportes servicios religion 
Libro_299,Autor_299,440,leyendas educacion moda thriller filosofia economia biografia psicologia poesia 
Libro_300,Autor_300,51,servicios deportes ficcion thriller ciencia policial relatos 
Libro_301,Autor_301,59,arte fantasia tecnologia ciencia servicios novela terror juegos 
Libro_302,Autor_302,113,musica servicios viajes moda humor informática 
Libro_303,Autor_303,354,deportes thriller marketing cultura viajes infantil policial moda tecnologia 
Libro_304,Autor_304,134,viajes informática terror periodismo moda fantasia educacion infantil economia 
Libro_305,Autor_305,287,policial terror ficcion economia ciencia 
Libro_306,Autor_306,79,cultura marketing terror psicologia fantasia 
Libro_307,Autor_307,286,psicologia fotografia religion educacion infantil biografia relatos 
Libro_308,Autor_308,487,biografia terror romance ficcion educacion 
Libro_309,Autor_309,264,infantil leyendas policial informática 
Libro_310,Autor_310,481,musica educacion servicios 
Libro_311,Autor_311,139,tecnologia drama servicios politica ficcion investigacion 
Libro_312,Autor_312,369,fantasia educacion deportes ciencia novela ensayo cultura poesia romance 
Libro_313,Autor_313,73,psicologia infantil cultura terror juegos religion humor marketing cine 
Libro_314,Autor_314,440,juegos gastronomia educacion informática viajes 
Libro_315,Autor_315,177,periodismo juegos educacion moda 
Libro_316,Autor_316,152,cultura ficcion policial fotografia 
Libro_317,Autor_317,32,terror informática moda romance 
Libro_318,Autor_318,278,marketing servicios infantil terror arte historia poesia 
Libro_319,Autor_319,79,terror arte filosofia 
Libro_320,Autor_320,393,negocios infantil periodismo drama novela arte ensayo tecnologia thriller 
Libro_321,Autor_321,183,economia policial ficcion psicologia juegos gastronomia cultura educacion informática 
Libro_322,Autor_322,338,leyendas informática negocios thriller arte fantasia investigacion juegos 
Libro_323,Autor_323,431,educacion fotografia periodismo marketing romance arte moda gastronomia drama 
Libro_324,Autor_324,486,negocios ensayo economia informática marketing cine policial thriller arte 
Libro_325,Autor_325,168,novela politica 
Libro_326,Autor_326,211,gastronomia tecnologia religion romance 
Libro_327,Autor_327,236,relatos ensayo deportes ficcion viajes musica servicios 
Libro_328,Autor_328,114,gastronomia infantil poesia novela economia 
Libro_329,Autor_329,192,arte gastronomia psicologia poesia 
Libro_330,Autor_330,99,viajes infantil cultura psicologia 
Libro_331,Autor_331,247,investigacion novela fotografia 
Libro_332,Autor_332,409,cultura drama relatos filosofia humor musica 
Libro_333,Autor_333,124,fantasia ficcion 
Libro_334,Autor_334,413,biografia poesia educacion leyendas tecnologia informática ficcion periodismo humor 
Libro_335,Autor_335,238,politica viajes filosofia terror religion 
Libro_336,Autor_336,245,investigacion cine biografia infantil tecnologia 
Libro_337,Autor_337,207,moda terror fantasia 
Libro_338,Autor_338,95,moda tecnologia terror infantil juegos fantasia 
Libro_339,Autor_339,59,ficcion viajes humor infantil religion terror musica economia 
Libro_340,Autor_340,91,tecnologia investigacion politica negocios 
Libro_341,Autor_341,206,fotografia arte economia poesia servicios relatos fantasia viajes moda 
Libro_342,Autor_342,284,viajes fotografia relatos terror 
Libro_343,Autor_343,223,drama musica juegos 
Libro_344,Autor_344,447,leyendas historia politica investigacion viajes ficcion fotografia 
Libro_345,Autor_345,181,historia arte moda 
Libro_346,Autor_346,190,romance investigacion policial 
Libro_347,Autor_347,95,poesia investigacion humor drama cine ficcion 
Libro_348,Autor_348,378,negocios servicios viajes moda leyendas psicologia 
Libro_349,Autor_349,111,policial humor 
Libro_350,Autor_350,104,viajes historia relatos cultura tecnologia thriller 
Libro_351,Autor_351,406,arte psicologia relatos periodismo fotografia viajes economia leyendas 
Libro_352,Autor_352,174,deportes investigacion fotografia gastronomia negocios 
Libro_353,Autor_353,171,fotografia juegos 
Libro_354,Autor_354,354,thriller marketing educacion musica fantasia drama investigacion romance historia 
Libro_355,Autor_355,88,cine romance 
Libro_356,Autor_356,395,investigacion marketing juegos biografia relatos periodismo deportes informática 
Libro_357,Autor_357,334,infantil informática filosofia terror 
Libro_358,Autor_358,164,cine relatos poesia tecnologia gastronomia 
Libro_359,Autor_359,238,psicologia marketing negocios cultura juegos fantasia ficcion viajes 
Libro_360,Autor_360,313,arte moda fotografia romance psicologia 
Libro_361,Autor_361,465,deportes ficcion juegos infantil novela thriller cultura 
Libro_362,Autor_362,339,infantil gastronomia musica informática politica 
Libro_363,Autor_363,381,marketing filosofia tecnologia deportes poesia 
Libro_364,Autor_364,136,poesia cultura filosofia novela biografia informática thriller infantil 
Libro_365,Autor_365,134,viajes infantil ciencia drama religion economia 
Libro_366,Autor_366,51,historia economia romance investigacion 
Libro_367,Autor_367,297,periodismo ensayo psicologia moda informática fotografia cultura gastronomia thriller 
Libro_368,Autor_368,133,ficcion educacion poesia biografia arte filosofia economia relatos 
Libro_369,Autor_369,143,marketing servicios romance deportes infantil ensayo 
Libro_370,Autor_370,305,musica cine religion 
Libro_371,Autor_371,440,fantasia psicologia biografia informática arte marketing servicios 
Libro_372,Autor_372,404,servicios terror biografia cine leyendas fotografia ciencia negocios 
Libro_373,Autor_373,1,politica infantil novela ensayo terror humor informática moda 
Libro_374,Autor_374,189,marketing servicios moda periodismo filosofia religion 
Libro_375,Autor_375,303,ensayo romance policial fantasia filosofia 
Libro_376,Autor_376,118,juegos ciencia fotografia 
Libro_377,Autor_377,462,servicios ciencia thriller negocios musica infantil periodismo drama investigacion 
Libro_378,Autor_378,6,novela filosofia cine ciencia deportes fantasia negocios romance 
Libro_379,Autor_379,218,gastronomia psicologia filosofia arte ensayo poesia fotografia 
Libro_380,Autor_380,314,biografia ficcion ciencia policial humor fotografia religion 
Libro_381,Autor_381,438,deportes informática tecnologia politica leyendas educacion economia religion 
Libro_382,Autor_382,451,viajes investigacion 
Libro_383,Autor_383,310,drama ensayo marketing economia 
Libro_384,Autor_384,357,leyendas novela educacion musica deportes fantasia poesia gastronomia humor 
Libro_385,Autor_385,193,gastronomia investigacion filosofia musica educacion politica informática 
Libro_386,Autor_386,40,economia tecnologia religion negocios juegos informática thriller leyendas 
Libro_387,Autor_387,414,politica novela servicios cultura viajes 
Libro_388,Autor_388,93,leyendas drama negocios policial marketing terror psicologia 
Libro_389,Autor_389,455,gastronomia ficcion 
Libro_390,Autor_390,319,psicologia filosofia terror cine moda 
Libro_391,Autor_391,89,romance filosofia biografia gastronomia educacion poesia policial musica 
Libro_392,Autor_392,263,marketing deportes fotografia ficcion politica poesia viajes ciencia romance 
Libro_393,Autor_393,31,policial infantil biografia 
Libro_394,Autor_394,27,terror religion deportes arte juegos biografia marketing fotografia 
Libro_395,Autor_395,90,periodismo psicologia leyendas filosofia romance 
Libro_396,Autor_396,288,cine fotografia leyendas ensayo poesia ficcion historia 
Libro_397,Autor_397,164,ficcion infantil psicologia filosofia drama 
Libro_398,Autor_398,84,leyendas musica politica marketing historia 
Libro_399,Autor_399,498,drama psicologia investigacion humor viajes moda fotografia 
Libro_400,Autor_400,160,infantil politica terror 
Libro_401,Autor_401,130,gastronomia infantil thriller ensayo humor filosofia 
Libro_402,Autor_402,78,fantasia marketing romance gastronomia historia terror 
Libro_403,Autor_403,412,investigacion cine juegos ficcion historia gastronomia negocios leyendas 
Libro_404,Autor_404,472,religion poesia humor 
Libro_405,Autor_405,8,musica policial historia tecnologia economia juegos 
Libro_406,Autor_406,201,servicios drama relatos informática 
Libro_407,Autor_407,111,thriller terror gastronomia policial romance novela poesia viajes humor 
Libro_408,Autor_408,119,leyendas gastronomia tecnologia psicologia politica 
Libro_409,Autor_409,395,negocios historia cultura novela arte ensayo poesia leyendas viajes 
Libro_410,Autor_410,232,thriller drama moda musica 
Libro_411,Autor_411,477,filosofia psicologia servicios cine fantasia thriller drama humor 
Libro_412,Autor_412,292,biografia informática ficcion viajes historia moda humor 
Libro_413,Autor_413,135,relatos ciencia deportes musica educacion infantil leyendas cine 
Libro_414,Autor_414,495,drama ciencia terror 
Libro_415,Autor_415,353,leyendas biografia fotografia relatos 
Libro_416,Autor_416,461,novela psicologia moda poesia tecnologia juegos 
Libro_417,Autor_417,342,psicologia moda cine periodismo policial 
Libro_418,Autor_418,116,viajes marketing romance negocios filosofia novela cultura 
Libro_419,Autor_419,220,deportes arte romance psicologia juegos 
Libro_420,Autor_420,198,psicologia tecnologia cultura investigacion politica ficcion gastronomia viajes 
Libro_421,Autor_421,263,humor leyendas musica educacion juegos 
Libro_422,Autor_422,164,fantasia romance 
Libro_423,Autor_423,161,novela biografia leyendas humor tecnologia 
Libro_424,Autor_424,336,ficcion negocios musica religion 
Libro_425,Autor_425,466,musica thriller novela educacion viajes relatos terror 
Libro_426,Autor_426,26,drama fantasia humor educacion fotografia investigacion musica religion economia 
Libro_427,Autor_427,325,relatos periodismo deportes musica marketing religion 
Libro_428,Autor_428,285,economia policial 
Libro_429,Autor_429,415,deportes policial terror juegos 
Libro_430,Autor_430,392,ensayo fotografia terror humor tecnologia politica viajes biografia 
Libro_431,Autor_431,197,fantasia drama 
Libro_432,Autor_432,217,leyendas arte politica ciencia musica fotografia servicios 
Libro_433,Autor_433,126,psicologia fotografia deportes biografia infantil servicios filosofia ensayo economia 
Libro_434,Autor_434,355,historia gastronomia informática viajes policial educacion politica thriller 
Libro_435,Autor_435,252,ficcion infantil romance deportes negocios educacion leyendas 
Libro_436,Autor_436,411,servicios politica filosofia economia thriller 
Libro_437,Autor_437,312,relatos investigacion musica economia humor policial 
Libro_438,Autor_438,399,biografia juegos drama ficcion arte infantil leyendas 
Libro_439,Autor_439,69,fotografia musica historia marketing juegos informática servicios 
Libro_440,Autor_440,292,thriller marketing investigacion poesia informática servicios humor ficcion 
Libro_441,Autor_441,245,informática novela investigacion educacion 
Libro_442,Autor_442,153,informática psicologia novela servicios ficcion drama tecnologia 
Libro_443,Autor_443,362,infantil ficcion marketing juegos 
Libro_444,Autor_444,480,cultura ciencia servicios ficcion arte 
Libro_445,Autor_445,140,relatos cine politica leyendas deportes psicologia romance negocios 
Libro_446,Autor_446,311,cultura tecnologia 
Libro_447,Autor_447,439,informática servicios relatos politica deportes 
Libro_448,Autor_448,402,marketing religion moda 
Libro_449,Autor_449,16,humor religion psicologia informática poesia historia educacion 
Libro_450,Autor_450,490,leyendas deportes servicios 
Libro_451,Autor_451,368,servicios ciencia fantasia romance moda tecnologia deportes gastronomia 
Libro_452,Autor_452,50,thriller psicologia poesia negocios policial fantasia 
Libro_453,Autor_453,355,fotografia poesia politica historia arte religion romance infantil 
Libro_454,Autor_454,386,biografia educacion religion juegos deportes 
Libro_455,Autor_455,271,tecnologia economia 
Libro_456,Autor_456,411,ensayo poesia infantil investigacion informática 
Libro_457,Autor_457,237,policial tecnologia servicios leyendas 
Libro_458,Autor_458,384,periodismo humor terror deportes arte servicios fantasia 
Libro_459,Autor_459,475,ficcion relatos negocios infantil leyendas marketing tecnologia drama gastronomia 
Libro_460,Autor_460,291,musica novela 
Libro_461,Autor_461,80,cultura historia cine musica economia gastronomia 
Libro_462,Autor_462,118,arte marketing economia musica educacion politica gastronomia servicios 
Libro_463,Autor_463,177,relatos arte 
Libro_464,Autor_464,181,terror fotografia cultura fantasia relatos tecnologia 
Libro_465,Autor_465,249,infantil fantasia juegos ficcion arte terror fotografia relatos poesia 
Libro_466,Autor_466,390,relatos humor thriller deportes 
Libro_467,Autor_467,236,economia informática relatos infantil viajes 
Libro_468,Autor_468,329,fotografia ciencia negocios politica drama tecnologia 
Libro_469,Autor_469,325,servicios historia politica drama viajes cine infantil 
Libro_470,Autor_470,226,fantasia servicios novela cine policial 
Libro_471,Autor_471,77,thriller ciencia negocios ficcion 
Libro_472,Autor_472,127,humor thriller moda informática biografia marketing fotografia economia juegos 
Libro_473,Autor_473,196,marketing relatos infantil negocios historia investigacion informática politica gastronomia 
Libro_474,Autor_474,279,infantil fantasia negocios educacion fotografia ensayo 
Libro_475,Autor_475,290,musica terror negocios cultura policial ciencia filosofia cine servicios 
Libro_476,Autor_476,180,thriller politica historia arte ficcion novela filosofia 
Libro_477,Autor_477,99,informática terror juegos tecnologia infantil viajes psicologia educacion marketing 
Libro_478,Autor_478,167,psicologia cultura juegos biografia 
Libro_479,Autor_479,388,fotografia ensayo juegos viajes ciencia fantasia 
Libro_480,Autor_480,423,infantil deportes romance historia poesia religion ficcion leyendas 
Libro_481,Autor_481,10,servicios cine relatos moda fotografia periodismo 
Libro_482,Autor_482,279,terror ficcion viajes educacion thriller cine 
Libro_483,Autor_483,249,leyendas terror cine economia fotografia religion servicios 
Libro_484,Autor_484,249,novela ciencia infantil cine 
Libro_485,Autor_485,136,ficcion fotografia viajes 
Libro_486,Autor_486,500,fotografia religion policial ciencia gastronomia tecnologia 
Libro_487,Autor_487,419,periodismo drama terror novela 
Libro_488,Autor_488,299,psicologia leyendas 
Libro_489,Autor_489,200,tecnologia biografia historia investigacion juegos romance humor poesia cultura 
Libro_490,Autor_490,260,humor terror religion novela 
Libro_491,Autor_491,380,infantil economia 
Libro_492,Autor_492,422,musica ciencia drama 
Libro_493,Autor_493,352,economia humor historia ciencia relatos tecnologia 
Libro_494,Autor_494,397,fotografia viajes economia moda humor 
Libro_495,Autor_495,197,periodismo cine 
Libro_496,Autor_496,209,infantil leyendas drama 
Libro_497,Autor_497,132,politica romance negocios policial 
Libro_498,Autor_498,53,fantasia ciencia cine economia servicios ficcion periodismo thriller 
Libro_499,Autor_499,188,ensayo filosofia biografia historia fantasia religion leyendas deportes infantil 
Libro_500,Autor_500,325,poesia romance periodismo fantasia leyendas novela moda educacion 
Libro_501,Autor_501,232,historia negocios religion 
Libro_502,Autor_502,141,educacion ensayo musica biografia psicologia tecnologia infantil ficcion 
Libro_503,Autor_503,128,humor ciencia terror fotografia tecnologia arte marketing novela 
Libro_504,Autor_504,327,relatos servicios economia ensayo musica humor religion psicologia thriller 
Libro_505,Autor_505,356,policial romance periodismo juegos informática investigacion tecnologia deportes 
Libro_506,Autor_506,196,ciencia terror poesia leyendas religion arte 
Libro_507,Autor_507,315,fantasia musica 
Libro_508,Autor_508,159,tecnologia negocios marketing ciencia informática psicologia politica musica drama 
Libro_509,Autor_509,214,psicologia politica terror gastronomia poesia informática juegos 
Libro_510,Autor_510,295,infantil servicios deportes periodismo marketing cine drama negocios tecnologia 
Libro_511,Autor_511,172,relatos cine musica moda gastronomia religion psicologia 
Libro_512,Autor_512,392,psicologia moda ficcion filosofia 
Libro_513,Autor_513,61,servicios fantasia informática ensayo infantil filosofia tecnologia 
Libro_514,Autor_514,99,filosofia religion cine fotografia tecnologia novela leyendas infantil gastronomia 
Libro_515,Autor_515,381,psicologia deportes arte policial ficcion humor 
Libro_516,Autor_516,406,fantasia periodismo politica educacion biografia 
Libro_517,Autor_517,156,educacion economia poesia musica psicologia 
Libro_518,Autor_518,262,fantasia poesia juegos drama biografia cine arte 
Libro_519,Autor_519,168,ficcion drama tecnologia romance ciencia religion servicios filosofia infantil 
Libro_520,Autor_520,380,policial deportes humor cultura ciencia leyendas musica 
Libro_521,Autor_521,364,filosofia policial 
Libro_522,Autor_522,115,historia periodismo relatos drama 
Libro_523,Autor_523,153,musica arte tecnologia policial infantil biografia historia fotografia 
Libro_524,Autor_524,373,romance filosofia historia terror novela fotografia negocios cultura 
Libro_525,Autor_525,138,informática juegos marketing politica investigacion 
Libro_526,Autor_526,487,juegos psicologia gastronomia filosofia relatos 
Libro_527,Autor_527,313,viajes arte tecnologia ensayo juegos thriller periodismo 
Libro_528,Autor_528,89,psicologia terror 
Libro_529,Autor_529,442,novela leyendas religion investigacion servicios poesia 
Libro_530,Autor_530,327,poesia arte politica humor 
Libro_531,Autor_531,340,musica filosofia psicologia cultura humor historia drama moda 
Libro_532,Autor_532,114,servicios cine 
Libro_533,Autor_533,242,marketing politica novela moda ensayo 
Libro_534,Autor_534,316,marketing ficcion historia 
Libro_535,Autor_535,82,infantil investigacion fotografia 
Libro_536,Autor_536,435,historia ciencia cine fotografia ensayo 
Libro_537,Autor_537,432,gastronomia musica ensayo historia economia 
Libro_538,Autor_538,450,marketing terror arte infantil musica cultura 
Libro_539,Autor_539,160,servicios biografia informática 
Libro_540,Autor_540,159,drama moda infantil servicios relatos periodismo policial musica ensayo 
Libro_541,Autor_541,193,terror filosofia moda 
Libro_542,Autor_542,141,economia novela musica religion deportes drama servicios fantasia educacion 
Libro_543,Autor_543,28,investigacion fantasia drama musica novela informática 
Libro_544,Autor_544,239,servicios cultura ficcion juegos economia viajes poesia musica 
Libro_545,Autor_545,195,policial investigacion 
Libro_546,Autor_546,36,thriller relatos gastronomia infantil psicologia drama periodismo 
Libro_547,Autor_547,228,psicologia arte biografia 
Libro_548,Autor_548,133,negocios romance policial humor historia filosofia ensayo 
Libro_549,Autor_549,353,poesia marketing filosofia cultura juegos 
Libro_550,Autor_550,210,religion drama fantasia juegos 
Libro_551,Autor_551,180,terror biografia tecnologia thriller filosofia gastronomia marketing investigacion arte 
Libro_552,Autor_552,236,gastronomia historia poesia politica informática psicologia investigacion religion deportes 
Libro_553,Autor_553,359,leyendas ciencia deportes policial filosofia gastronomia 
Libro_554,Autor_554,235,historia investigacion fotografia ensayo novela cultura infantil 
Libro_555,Autor_555,327,tecnologia filosofia cultura deportes humor servicios terror 
Libro_556,Autor_556,154,viajes thriller servicios 
Libro_557,Autor_557,198,religion cine drama cultura marketing educacion fantasia 
Libro_558,Autor_558,72,moda politica psicologia periodismo gastronomia religion biografia 
Libro_559,Autor_559,222,religion servicios periodismo 
Libro_560,Autor_560,383,servicios historia economia ficcion leyendas deportes policial fotografia periodismo 
Libro_561,Autor_561,185,religion ciencia juegos historia servicios ficcion gastronomia fotografia 
Libro_562,Autor_562,471,poesia tecnologia educacion 
Libro_563,Autor_563,400,infantil deportes arte filosofia juegos periodismo humor ensayo 
Libro_564,Autor_564,293,thriller viajes informática filosofia leyendas ficcion 
Libro_565,Autor_565,116,psicologia negocios politica thriller leyendas infantil 
Libro_566,Autor_566,472,ficcion negocios periodismo religion biografia servicios marketing humor 
Libro_567,Autor_567,329,fotografia ensayo cine investigacion 
Libro_568,Autor_568,100,leyendas politica terror 
Libro_569,Autor_569,123,economia biografia drama informática cine psicologia arte policial 
Libro_570,Autor_570,300,cine negocios romance poesia musica 
Libro_571,Autor_571,82,fotografia arte policial biografia 
Libro_572,Autor_572,19,marketing viajes juegos educacion gastronomia religion filosofia informática 
Libro_573,Autor_573,310,viajes novela cultura religion 
Libro_574,Autor_574,296,filosofia negocios tecnologia thriller romance arte poesia fantasia 
Libro_575,Autor_575,410,musica leyendas ficcion periodismo marketing informática moda negocios gastronomia 
Libro_576,Autor_576,365,infantil cine ensayo investigacion moda viajes negocios marketing relatos 
Libro_577,Autor_577,475,informática historia filosofia negocios gastronomia tecnologia biografia fantasia 
Libro_578,Autor_578,305,poesia periodismo investigacion ciencia religion historia 
Libro_579,Autor_579,153,fotografia deportes 
Libro_580,Autor_580,234,politica negocios ciencia viajes thriller ficcion economia novela moda 
Libro_581,Autor_581,375,poesia biografia periodismo romance juegos 
Libro_582,Autor_582,155,moda filosofia 
Libro_583,Autor_583,138,filosofia ficcion romance thriller relatos viajes drama politica arte 
Libro_584,Autor_584,363,viajes novela drama tecnologia ficcion 
Libro_585,Autor_585,404,informática periodismo psicologia relatos romance religion ciencia 
Libro_586,Autor_586,96,novela ensayo economia psicologia policial juegos filosofia fantasia 
Libro_587,Autor_587,298,ensayo cultura servicios psicologia terror poesia religion periodismo 
Libro_588,Autor_588,136,deportes ciencia religion moda gastronomia leyendas 
Libro_589,Autor_589,447,economia periodismo investigacion ciencia 
Libro_590,Autor_590,293,ficcion politica musica investigacion gastronomia cine 
Libro_591,Autor_591,435,arte cine leyendas terror psicologia musica romance 
Libro_592,Autor_592,477,moda poesia fotografia gastronomia policial 
Libro_593,Autor_593,152,fantasia periodismo 
Libro_594,Autor_594,342,politica terror 
Libro_595,Autor_595,178,novela marketing servicios fotografia cine viajes filosofia drama ficcion 
Libro_596,Autor_596,103,deportes viajes periodismo cine fantasia gastronomia educacion 
Libro_597,Autor_597,361,fotografia thriller politica cultura infantil servicios moda 
Libro_598,Autor_598,440,infantil economia historia romance moda informática 
Libro_599,Autor_599,83,deportes viajes ficcion romance filosofia terror infantil drama 
Libro_600,Autor_600,420,viajes relatos moda arte 
Libro_601,Autor_601,108,relatos biografia poesia ficcion novela psicologia servicios 
Libro_602,Autor_602,387,poesia cultura fotografia tecnologia 
Libro_603,Autor_603,338,terror investigacion relatos juegos humor cultura educacion 
Libro_604,Autor_604,263,informática periodismo marketing thriller romance terror educacion relatos 
Libro_605,Autor_605,157,infantil economia periodismo ensayo humor educacion biografia viajes ficcion 
Libro_606,Autor_606,195,relatos juegos ficcion 
Libro_607,Autor_607,23,ensayo ciencia musica terror 
Libro_608,Autor_608,149,policial periodismo tecnologia ficcion historia thriller infantil relatos psicologia 
Libro_609,Autor_609,171,leyendas investigacion novela negocios 
Libro_610,Autor_610,360,drama romance moda 
Libro_611,Autor_611,137,arte educacion biografia humor 
Libro_612,Autor_612,46,novela ciencia politica romance filosofia terror 
Libro_613,Autor_613,352,ciencia fantasia juegos politica infantil educacion tecnologia 
Libro_614,Autor_614,117,politica terror servicios filosofia religion fotografia infantil 
Libro_615,Autor_615,1,viajes novela romance ciencia thriller arte terror policial juegos 
Libro_616,Autor_616,194,juegos fantasia 
Libro_617,Autor_617,8,negocios viajes 
Libro_618,Autor_618,389,religion biografia 
Libro_619,Autor_619,496,ensayo infantil politica poesia novela negocios 
Libro_620,Autor_620,279,periodismo humor infantil cultura terror informática 
Libro_621,Autor_621,227,humor juegos filosofia tecnologia leyendas 
Libro_622,Autor_622,211,deportes religion moda psicologia ciencia informática infantil 
Libro_623,Autor_623,243,infantil negocios ensayo 
Libro_624,Autor_624,267,filosofia viajes juegos ensayo servicios 
Libro_625,Autor_625,156,leyendas infantil novela tecnologia psicologia ciencia periodismo 
Libro_626,Autor_626,3,arte deportes biografia 
Libro_627,Autor_627,33,ciencia informática 
Libro_628,Autor_628,35,humor politica cine drama cultura viajes economia 
Libro_629,Autor_629,131,investigacion thriller musica periodismo 
Libro_630,Autor_630,382,historia viajes educacion 
Libro_631,Autor_631,335,negocios historia infantil leyendas marketing arte servicios musica 
Libro_632,Autor_632,56,policial infantil drama fotografia juegos cultura 
Libro_633,Autor_633,50,tecnologia viajes ciencia psicologia investigacion educacion moda 
Libro_634,Autor_634,130,viajes drama periodismo investigacion infantil cultura fantasia 
Libro_635,Autor_635,92,tecnologia viajes humor informática 
Libro_636,Autor_636,200,biografia cine infantil investigacion educacion ciencia leyendas cultura 
Libro_637,Autor_637,246,ciencia musica thriller poesia gastronomia ensayo psicologia juegos tecnologia 
Libro_638,Autor_638,471,policial novela drama 
Libro_639,Autor_639,283,marketing gastronomia fotografia policial periodismo informática viajes 
Libro_640,Autor_640,247,negocios leyendas novela historia poesia arte 
Libro_641,Autor_641,31,ficcion fantasia drama educacion moda juegos deportes psicologia novela 
Libro_642,Autor_642,105,romance cultura juegos historia 
Libro_643,Autor_643,129,romance viajes novela fotografia ficcion gastronomia informática terror 
Libro_644,Autor_644,491,educacion viajes religion negocios cultura 
Libro_645,Autor_645,444,moda policial terror educacion ciencia cultura novela 
Libro_646,Autor_646,275,cultura humor marketing negocios juegos terror moda 
Libro_647,Autor_647,283,marketing musica gastronomia periodismo psicologia leyendas servicios 
Libro_648,Autor_648,352,biografia fantasia marketing drama poesia ensayo economia 
Libro_649,Autor_649,30,drama servicios filosofia moda 
Libro_650,Autor_650,266,deportes humor leyendas psicologia ficcion fotografia arte drama terror 
Libro_651,Autor_651,18,poesia ensayo leyendas biografia thriller relatos psicologia 
Libro_652,Autor_652,28,psicologia relatos ensayo informática 
Libro_653,Autor_653,6,juegos informática fotografia religion cine musica tecnologia 
Libro_654,Autor_654,260,ficcion deportes humor arte ciencia biografia leyendas 
Libro_655,Autor_655,486,romance poesia filosofia ensayo thriller negocios viajes biografia 
Libro_656,Autor_656,214,relatos ensayo investigacion viajes juegos poesia historia thriller 
Libro_657,Autor_657,191,cultura juegos fotografia economia terror cine 
Libro_658,Autor_658,384,biografia filosofia moda thriller viajes religion 
Libro_659,Autor_659,162,marketing fantasia servicios policial ensayo arte 
Libro_660,Autor_660,171,biografia investigacion marketing 
Libro_661,Autor_661,295,investigacion fotografia poesia tecnologia negocios humor gastronomia juegos thriller 
Libro_662,Autor_662,47,historia investigacion servicios romance cine gastronomia 
Libro_663,Autor_663,387,historia tecnologia moda leyendas deportes 
Libro_664,Autor_664,443,novela periodismo romance ensayo thriller psicologia gastronomia deportes filosofia 
Libro_665,Autor_665,112,fantasia filosofia economia 
Libro_666,Autor_666,94,arte negocios thriller viajes 
Libro_667,Autor_667,466,religion ficcion juegos ciencia musica educacion moda negocios 
Libro_668,Autor_668,23,thriller moda servicios poesia 
Libro_669,Autor_669,120,biografia poesia musica juegos informática 
Libro_670,Autor_670,396,romance fotografia 
Libro_671,Autor_671,52,novela moda musica terror psicologia gastronomia arte 
Libro_672,Autor_672,229,politica fantasia 
Libro_673,Autor_673,77,juegos infantil humor psicologia poesia leyendas moda ciencia 
Libro_674,Autor_674,65,biografia politica infantil thriller arte 
Libro_675,Autor_675,109,biografia viajes gastronomia 
Libro_676,Autor_676,156,ciencia servicios economia deportes informática leyendas 
Libro_677,Autor_677,333,fantasia informática 
Libro_678,Autor_678,369,thriller fotografia relatos viajes humor tecnologia ciencia negocios cine 
Libro_679,Autor_679,499,fantasia novela ficcion infantil psicologia deportes educacion terror 
Libro_680,Autor_680,181,filosofia novela historia fotografia leyendas 
Libro_681,Autor_681,277,periodismo tecnologia negocios infantil novela 
Libro_682,Autor_682,175,arte historia moda relatos ciencia viajes gastronomia politica 
Libro_683,Autor_683,16,drama terror filosofia tecnologia informática investigacion 
Libro_684,Autor_684,105,ciencia deportes 
Libro_685,Autor_685,84,fantasia historia informática 
Libro_686,Autor_686,366,ciencia juegos musica ensayo novela infantil 
Libro_687,Autor_687,420,historia cine 
Libro_688,Autor_688,323,politica leyendas arte marketing humor thriller investigacion relatos terror 
Libro_689,Autor_689,306,tecnologia historia servicios terror marketing 
Libro_690,Autor_690,330,tecnologia policial 
Libro_691,Autor_691,133,marketing politica arte humor terror drama cine 
Libro_692,Autor_692,148,politica economia educacion cine 
Libro_693,Autor_693,462,leyendas ensayo servicios economia informática filosofia deportes ficcion politica 
Libro_694,Autor_694,303,moda humor leyendas drama psicologia historia terror investigacion 
Libro_695,Autor_695,432,relatos moda ensayo economia arte servicios ciencia poesia 
Libro_696,Autor_696,164,thriller poesia policial filosofia musica historia fotografia 
Libro_697,Autor_697,63,psicologia economia politica investigacion policial novela ciencia humor fantasia 
Libro_698,Autor_698,462,periodismo negocios cultura humor deportes informática novela 
Libro_699,Autor_699,75,religion moda psicologia 
Libro_700,Autor_700,293,informática fotografia deportes romance historia juegos thriller leyendas poesia 
Libro_701,Autor_701,262,ficcion juegos moda economia informática investigacion poesia religion 
Libro_702,Autor_702,99,juegos religion ensayo infantil 
Libro_703,Autor_703,447,marketing poesia romance ensayo thriller viajes 
Libro_704,Autor_704,156,moda informática politica filosofia religion servicios 
Libro_705,Autor_705,212,policial deportes servicios negocios cultura 
Libro_706,Autor_706,81,arte biografia religion humor 
Libro_707,Autor_707,428,ensayo thriller leyendas biografia arte ciencia marketing periodismo cultura 
Libro_708,Autor_708,451,politica servicios 
Libro_709,Autor_709,126,fantasia romance leyendas psicologia relatos fotografia filosofia poesia 
Libro_710,Autor_710,87,psicologia politica policial deportes juegos economia negocios 
Libro_711,Autor_711,35,policial drama ciencia 
Libro_712,Autor_712,355,gastronomia marketing religion 
Libro_713,Autor_713,12,fantasia cine tecnologia ensayo moda informática cultura deportes 
Libro_714,Autor_714,471,infantil thriller periodismo psicologia terror biografia economia 
Libro_715,Autor_715,32,filosofia cultura fantasia servicios 
Libro_716,Autor_716,439,drama infantil fantasia novela viajes informática 
Libro_717,Autor_717,124,cultura relatos policial servicios 
Libro_718,Autor_718,85,tecnologia deportes juegos 
Libro_719,Autor_719,489,ciencia informática biografia religion viajes romance 
Libro_720,Autor_720,424,historia relatos fantasia ensayo economia religion policial 
Libro_721,Autor_721,247,economia ficcion 
Libro_722,Autor_722,210,thriller moda ciencia periodismo humor marketing politica relatos 
Libro_723,Autor_723,472,psicologia cine moda viajes cultura 
Libro_724,Autor_724,47,infantil filosofia gastronomia economia novela drama leyendas ficcion 
Libro_725,Autor_725,459,novela ensayo historia economia servicios ficcion 
Libro_726,Autor_726,422,biografia romance drama 
Libro_727,Autor_727,80,educacion novela economia humor 
Libro_728,Autor_728,230,infantil ciencia thriller ensayo 
Libro_729,Autor_729,7,cine historia 
Libro_730,Autor_730,293,gastronomia musica cultura filosofia terror ciencia 
Libro_731,Autor_731,243,fotografia politica romance 
Libro_732,Autor_732,3,periodismo historia deportes biografia novela 
Libro_733,Autor_733,484,servicios educacion filosofia religion 
Libro_734,Autor_734,196,deportes cultura ficcion relatos humor musica investigacion viajes 
Libro_735,Autor_735,75,deportes periodismo 
Libro_736,Autor_736,130,relatos informática religion cultura viajes politica ciencia economia 
Libro_737,Autor_737,148,tecnologia humor infantil servicios negocios leyendas marketing educacion 
Libro_738,Autor_738,252,novela poesia thriller filosofia psicologia drama 
Libro_739,Autor_739,8,novela informática infantil educacion terror policial drama gastronomia 
Libro_740,Autor_740,452,arte fotografia 
Libro_741,Autor_741,88,informática investigacion 
Libro_742,Autor_742,145,juegos fotografia poesia terror 
Libro_743,Autor_743,402,poesia educacion cine moda fantasia gastronomia 
Libro_744,Autor_744,353,ciencia thriller moda periodismo 
Libro_745,Autor_745,495,religion novela periodismo servicios deportes politica psicologia ciencia 
Libro_746,Autor_746,252,leyendas moda humor politica fantasia 
Libro_747,Autor_747,168,investigacion viajes juegos relatos politica drama cine 
Libro_748,Autor_748,237,economia gastronomia tecnologia cine investigacion negocios leyendas marketing cultura 
Libro_749,Autor_749,60,historia ciencia servicios informática cine 
Libro_750,Autor_750,34,ficcion filosofia cine tecnologia deportes relatos cultura novela religion 
Libro_751,Autor_751,351,filosofia periodismo romance 
Libro_752,Autor_752,27,humor drama biografia 
Libro_753,Autor_753,304,terror musica negocios ficcion biografia drama 
Libro_754,Autor_754,241,relatos informática 
Libro_755,Autor_755,390,religion ensayo 
Libro_756,Autor_756,200,novela fantasia ensayo gastronomia tecnologia terror moda musica 
Libro_757,Autor_757,93,leyendas terror novela economia 
Libro_758,Autor_758,385,investigacion servicios 
Libro_759,Autor_759,11,poesia historia educacion informática musica tecnologia 
Libro_760,Autor_760,253,economia negocios ficcion musica religion marketing leyendas filosofia juegos 
Libro_761,Autor_761,273,educacion filosofia poesia fantasia 
Libro_762,Autor_762,186,historia relatos educacion biografia infantil deportes marketing fantasia 
Libro_763,Autor_763,200,deportes ensayo poesia ficcion fantasia filosofia servicios informática gastronomia 
Libro_764,Autor_764,221,romance historia cine 
Libro_765,Autor_765,381,filosofia novela 
Libro_766,Autor_766,374,marketing juegos drama romance economia 
Libro_767,Autor_767,498,novela juegos servicios drama educacion periodismo fantasia 
Libro_768,Autor_768,389,juegos cultura tecnologia servicios humor romance leyendas investigacion relatos 
Libro_769,Autor_769,37,servicios leyendas cultura periodismo fotografia 
Libro_770,Autor_770,323,policial politica infantil thriller filosofia viajes terror juegos 
Libro_771,Autor_771,222,fantasia policial historia deportes moda 
Libro_772,Autor_772,485,servicios romance periodismo drama arte historia 
Libro_773,Autor_773,112,gastronomia informática ficcion educacion biografia 
Libro_774,Autor_774,8,tecnologia terror informática ciencia leyendas cultura psicologia deportes 
Libro_775,Autor_775,380,leyendas relatos ficcion negocios ciencia informática 
Libro_776,Autor_776,132,religion terror leyendas servicios relatos policial biografia 
Libro_777,Autor_777,68,humor tecnologia historia negocios arte fantasia ensayo periodismo 
Libro_778,Autor_778,116,informática psicologia economia ficcion religion servicios arte 
Libro_779,Autor_779,463,fantasia psicologia 
Libro_780,Autor_780,231,marketing infantil biografia deportes fantasia fotografia tecnologia 
Libro_781,Autor_781,480,periodismo arte deportes ciencia terror informática negocios ensayo 
Libro_782,Autor_782,87,moda juegos 
Libro_783,Autor_783,16,relatos economia drama infantil juegos viajes 
Libro_784,Autor_784,207,negocios tecnologia arte leyendas gastronomia cultura servicios ciencia 
Libro_785,Autor_785,162,infantil novela romance moda drama deportes 
Libro_786,Autor_786,484,cine musica juegos cultura marketing romance filosofia 
Libro_787,Autor_787,221,fantasia economia negocios 
Libro_788,Autor_788,183,marketing investigacion tecnologia politica educacion 
Libro_789,Autor_789,269,ensayo musica drama cine cultura politica infantil juegos moda 
Libro_790,Autor_790,379,politica thriller tecnologia economia 
Libro_791,Autor_791,490,politica novela negocios gastronomia drama moda 
Libro_792,Autor_792,82,historia economia infantil romance politica informática deportes 
Libro_793,Autor_793,184,policial arte historia 
Libro_794,Autor_794,500,cultura fotografia relatos viajes thriller fantasia historia psicologia 
Libro_795,Autor_795,464,cine thriller relatos 
Libro_796,Autor_796,216,filosofia biografia negocios politica leyendas investigacion informática servicios 
Libro_797,Autor_797,283,informática arte cultura romance negocios historia moda 
Libro_798,Autor_798,286,fotografia cine 
Libro_799,Autor_799,457,ficcion biografia relatos 
Libro_800,Autor_800,158,marketing investigacion humor poesia biografia religion 
Libro_801,Autor_801,224,marketing musica juegos servicios 
Libro_802,Autor_802,405,politica biografia religion historia 
Libro_803,Autor_803,174,cine romance religion policial 
Libro_804,Autor_804,150,psicologia ficcion negocios musica relatos policial servicios filosofia 
Libro_805,Autor_805,216,politica musica moda religion 
Libro_806,Autor_806,353,relatos terror ciencia servicios economia infantil fotografia marketing 
Libro_807,Autor_807,201,relatos investigacion educacion cultura thriller terror fotografia 
Libro_808,Autor_808,78,leyendas infantil ensayo tecnologia investigacion novela periodismo educacion 
Libro_809,Autor_809,386,negocios servicios moda humor 
Libro_810,Autor_810,59,negocios investigacion ficcion cultura policial humor thriller politica marketing 
Libro_811,Autor_811,171,educacion moda filosofia leyendas 
Libro_812,Autor_812,403,arte viajes drama historia gastronomia terror negocios leyendas 
Libro_813,Autor_813,448,filosofia terror periodismo cultura relatos 
Libro_814,Autor_814,45,moda gastronomia fantasia cultura 
Libro_815,Autor_815,391,policial humor economia gastronomia 
Libro_816,Autor_816,471,relatos gastronomia musica economia fantasia leyendas historia juegos informática 
Libro_817,Autor_817,231,historia investigacion humor cultura politica negocios 
Libro_818,Autor_818,108,ensayo thriller historia humor psicologia deportes 
Libro_819,Autor_819,332,periodismo ensayo leyendas servicios romance psicologia arte 
Libro_820,Autor_820,409,periodismo viajes ciencia infantil deportes thriller educacion politica investigacion 
Libro_821,Autor_821,275,terror historia infantil juegos psicologia negocios investigacion biografia 
Libro_822,Autor_822,483,juegos historia investigacion arte 
Libro_823,Autor_823,182,psicologia periodismo infantil ficcion novela historia economia ensayo 
Libro_824,Autor_824,219,fotografia humor infantil leyendas 
Libro_825,Autor_825,126,leyendas juegos humor infantil ensayo investigacion negocios 
Libro_826,Autor_826,399,marketing romance ficcion juegos ciencia viajes economia 
Libro_827,Autor_827,428,religion humor psicologia policial marketing arte 
Libro_828,Autor_828,23,thriller arte juegos fotografia informática 
Libro_829,Autor_829,8,ficcion cine negocios drama moda politica psicologia fantasia 
Libro_830,Autor_830,287,infantil policial fotografia economia drama 
Libro_831,Autor_831,454,economia informática novela infantil 
Libro_832,Autor_832,381,arte policial drama musica leyendas cine humor politica investigacion 
Libro_833,Autor_833,88,investigacion drama novela terror periodismo poesia marketing romance 
Libro_834,Autor_834,370,thriller infantil moda fantasia relatos 
Libro_835,Autor_835,219,cine drama fotografia thriller tecnologia terror arte 
Libro_836,Autor_836,82,negocios viajes 
Libro_837,Autor_837,493,moda periodismo 
Libro_838,Autor_838,300,periodismo biografia negocios arte leyendas ensayo drama 
Libro_839,Autor_839,210,terror fotografia tecnologia ensayo 
Libro_840,Autor_840,79,policial politica relatos cine educacion 
Libro_841,Autor_841,255,policial filosofia tecnologia infantil 
Libro_842,Autor_842,406,poesia negocios 
Libro_843,Autor_843,118,relatos juegos romance educacion arte poesia viajes 
Libro_844,Autor_844,338,tecnologia informática thriller policial arte educacion psicologia 
Libro_845,Autor_845,289,biografia politica negocios arte filosofia psicologia gastronomia cine 
Libro_846,Autor_846,10,marketing servicios viajes infantil politica romance cultura humor fotografia 
Libro_847,Autor_847,164,relatos gastronomia drama economia musica 
Libro_848,Autor_848,387,cine humor ficcion viajes arte filosofia marketing ensayo 
Libro_849,Autor_849,66,psicologia economia relatos politica 
Libro_850,Autor_850,152,investigacion juegos religion informática psicologia humor 
Libro_851,Autor_851,188,leyendas cultura periodismo marketing cine juegos economia 
Libro_852,Autor_852,109,economia policial terror ciencia 
Libro_853,Autor_853,448,economia musica romance politica 
Libro_854,Autor_854,170,ensayo romance viajes 
Libro_855,Autor_855,157,infantil politica humor ficcion romance viajes marketing fotografia educacion 
Libro_856,Autor_856,107,negocios investigacion periodismo 
Libro_857,Autor_857,142,religion filosofia marketing terror tecnologia 
Libro_858,Autor_858,50,drama religion politica 
Libro_859,Autor_859,2,informática marketing moda politica 
Libro_860,Autor_860,92,terror educacion filosofia tecnologia 
Libro_861,Autor_861,157,deportes poesia politica marketing novela arte tecnologia 
Libro_862,Autor_862,373,filosofia educacion gastronomia novela biografia ficcion 
Libro_863,Autor_863,492,ficcion tecnologia filosofia cultura politica moda juegos cine economia 
Libro_864,Autor_864,71,filosofia cultura psicologia musica infantil leyendas ensayo policial marketing 
Libro_865,Autor_865,111,arte cultura historia servicios tecnologia thriller poesia juegos negocios 
Libro_866,Autor_866,168,arte deportes ensayo viajes moda thriller romance gastronomia negocios 
Libro_867,Autor_867,182,biografia fotografia relatos policial 
Libro_868,Autor_868,384,poesia viajes historia 
Libro_869,Autor_869,285,economia infantil filosofia policial biografia 
Libro_870,Autor_870,103,arte novela policial 
Libro_871,Autor_871,45,negocios fotografia moda leyendas poesia deportes arte investigacion 
Libro_872,Autor_872,236,filosofia cine arte fantasia novela 
Libro_873,Autor_873,147,terror cine 
Libro_874,Autor_874,498,cultura psicologia relatos gastronomia 
Libro_875,Autor_875,151,humor policial 
Libro_876,Autor_876,150,politica terror poesia marketing 
Libro_877,Autor_877,290,educacion poesia religion novela 
Libro_878,Autor_878,79,thriller novela fantasia cine 
Libro_879,Autor_879,469,marketing historia poesia policial 
Libro_880,Autor_880,145,servicios romance novela infantil politica negocios fotografia 
Libro_881,Autor_881,249,relatos infantil historia thriller juegos fantasia 
Libro_882,Autor_882,67,juegos ficcion servicios terror romance cine 
Libro_883,Autor_883,196,fotografia leyendas infantil poesia 
Libro_884,Autor_884,458,viajes infantil leyendas fotografia fantasia ciencia deportes relatos novela 
Libro_885,Autor_885,156,deportes ensayo cultura servicios arte filosofia terror historia 
Libro_886,Autor_886,101,humor tecnologia 
Libro_887,Autor_887,247,psicologia thriller marketing policial novela humor deportes leyendas 
Libro_888,Autor_888,193,tecnologia psicologia infantil relatos filosofia periodismo fantasia ficcion deportes 
Libro_889,Autor_889,336,psicologia informática 
Libro_890,Autor_890,483,novela cine ficcion educacion negocios marketing cultura 
Libro_891,Autor_891,341,educacion musica viajes marketing policial relatos thriller juegos servicios 
Libro_892,Autor_892,188,cine filosofia juegos cultura novela 
Libro_893,Autor_893,77,cultura periodismo ficcion religion politica policial 
Libro_894,Autor_894,203,cultura drama investigacion ensayo arte relatos 
Libro_895,Autor_895,315,moda educacion investigacion fantasia juegos 
Libro_896,Autor_896,254,thriller politica leyendas 
Libro_897,Autor_897,355,biografia negocios 
Libro_898,Autor_898,288,thriller juegos moda infantil 
Libro_899,Autor_899,104,fantasia juegos romance politica ficcion marketing 
Libro_900,Autor_900,460,psicologia humor musica historia infantil poesia arte informática fotografia 
Libro_901,Autor_901,434,periodismo humor viajes fotografia relatos filosofia 
Libro_902,Autor_902,97,juegos deportes psicologia ciencia cine novela 
Libro_903,Autor_903,389,deportes cine 
Libro_904,Autor_904,60,moda economia 
Libro_905,Autor_905,205,poesia educacion 
Libro_906,Autor_906,183,cultura investigacion humor biografia 
Libro_907,Autor_907,238,negocios fantasia ciencia humor 
Libro_908,Autor_908,161,educacion tecnologia juegos informática fotografia fantasia 
Libro_909,Autor_909,402,cine fantasia informática investigacion novela relatos tecnologia thriller 
Libro_910,Autor_910,265,cine religion romance policial historia gastronomia terror humor 
Libro_911,Autor_911,419,fantasia gastronomia cine viajes religion thriller relatos historia tecnologia 
Libro_912,Autor_912,333,investigacion ensayo 
Libro_913,Autor_913,68,biografia terror leyendas novela 
Libro_914,Autor_914,229,musica ficcion leyendas politica filosofia psicologia 
Libro_915,Autor_915,228,juegos relatos politica gastronomia cine 
Libro_916,Autor_916,164,ficcion psicologia 
Libro_917,Autor_917,3,drama novela economia policial ensayo cultura cine filosofia 
Libro_918,Autor_918,58,psicologia fantasia periodismo drama leyendas musica deportes informática 
Libro_919,Autor_919,457,periodismo poesia 
Libro_920,Autor_920,364,gastronomia relatos psicologia 
Libro_921,Autor_921,433,relatos religion infantil periodismo juegos novela cultura ensayo 
Libro_922,Autor_922,312,ensayo investigacion ficcion viajes periodismo marketing educacion 
Libro_923,Autor_923,193,filosofia infantil tecnologia novela politica 
Libro_924,Autor_924,416,novela policial ciencia romance juegos humor poesia economia religion 
Libro_925,Autor_925,342,historia musica poesia cine cultura 
Libro_926,Autor_926,2,biografia investigacion arte tecnologia 
Libro_927,Autor_927,344,romance fotografia moda gastronomia novela 
Libro_928,Autor_928,342,romance investigacion gastronomia drama terror leyendas 
Libro_929,Autor_929,378,informática thriller relatos viajes deportes 
Libro_930,Autor_930,111,filosofia cultura thriller 
Libro_931,Autor_931,441,investigacion musica servicios drama periodismo cultura 
Libro_932,Autor_932,278,policial relatos tecnologia fantasia 
Libro_933,Autor_933,393,servicios investigacion 
Libro_934,Autor_934,190,viajes politica poesia religion cine informática ciencia investigacion gastronomia 
Libro_935,Autor_935,51,marketing servicios ensayo humor psicologia educacion 
Libro_936,Autor_936,498,cine musica 
Libro_937,Autor_937,492,psicologia thriller ensayo drama negocios servicios gastronomia educacion marketing 
Libro_938,Autor_938,279,thriller educacion investigacion historia filosofia policial servicios ensayo marketing 
Libro_939,Autor_939,78,historia fantasia musica filosofia ficcion tecnologia thriller biografia cine 
Libro_940,Autor_940,137,gastronomia viajes periodismo terror informática cultura 
Libro_941,Autor_941,164,biografia marketing 
Libro_942,Autor_942,105,politica negocios periodismo 
Libro_943,Autor_943,363,ciencia tecnologia servicios policial infantil historia 
Libro_944,Autor_944,243,investigacion arte ensayo informática terror romance cine 
Libro_945,Autor_945,247,economia viajes 
Libro_946,Autor_946,424,leyendas infantil educacion informática arte terror fotografia 
Libro_947,Autor_947,217,humor novela fotografia terror informática cine leyendas 
Libro_948,Autor_948,248,leyendas ficcion investigacion biografia romance 
Libro_949,Autor_949,408,servicios infantil novela 
Libro_950,Autor_950,138,negocios relatos juegos 
Libro_951,Autor_951,325,thriller romance musica periodismo ensayo 
Libro_952,Autor_952,431,periodismo humor fotografia drama biografia fantasia 
Libro_953,Autor_953,267,psicologia musica relatos juegos religion gastronomia educacion politica 
Libro_954,Autor_954,136,cine marketing viajes 
Libro_955,Autor_955,415,historia gastronomia romance relatos economia educacion negocios ciencia moda 
Libro_956,Autor_956,248,cultura ciencia biografia humor filosofia investigacion arte 
Libro_957,Autor_957,482,negocios humor policial musica historia arte novela 
Libro_958,Autor_958,80,fotografia politica arte ensayo thriller filosofia deportes 
Libro_959,Autor_959,335,educacion marketing humor fantasia informática ciencia leyendas 
Libro_960,Autor_960,67,infantil biografia relatos tecnologia politica servicios moda 
Libro_961,Autor_961,268,romance cine poesia musica drama biografia deportes 
Libro_962,Autor_962,107,fotografia fantasia 
Libro_963,Autor_963,389,drama musica terror servicios politica ciencia 
Libro_964,Autor_964,277,economia arte periodismo musica deportes informática ciencia 
Libro_965,Autor_965,94,thriller deportes filosofia historia 
Libro_966,Autor_966,318,filosofia fotografia 
Libro_967,Autor_967,133,periodismo humor moda relatos 
Libro_968,Autor_968,333,poesia juegos politica 
Libro_969,Autor_969,305,ensayo informática cine religion novela tecnologia arte cultura gastronomia 
Libro_970,Autor_970,63,servicios negocios drama musica investigacion fantasia novela cultura 
Libro_971,Autor_971,121,leyendas fotografia terror ensayo 
Libro_972,Autor_972,458,infantil deportes filosofia psicologia policial 
Libro_973,Autor_973,410,educacion filosofia informática terror 
Libro_974,Autor_974,86,thriller romance negocios fotografia 
Libro_975,Autor_975,497,moda deportes drama educacion thriller poesia 
Libro_976,Autor_976,143,servicios novela gastronomia 
Libro_977,Autor_977,135,gastronomia investigacion ciencia deportes filosofia 
Libro_978,Autor_978,167,ensayo investigacion 
Libro_979,Autor_979,191,humor moda servicios periodismo 
Libro_980,Autor_980,409,fantasia juegos deportes moda informática novela leyendas romance 
Libro_981,Autor_981,235,fantasia historia 
Libro_982,Autor_982,4,fotografia juegos servicios cine ficcion biografia policial economia humor 
Libro_983,Autor_983,347,leyendas deportes tecnologia musica negocios novela investigacion biografia relatos 
Libro_984,Autor_984,162,psicologia negocios cultura novela drama viajes humor terror 
Libro_985,Autor_985,384,cine moda negocios religion periodismo romance historia infantil 
Libro_986,Autor_986,443,negocios romance arte 
Libro_987,Autor_987,281,politica poesia 
Libro_988,Autor_988,9,servicios ensayo relatos tecnologia ciencia poesia fotografia deportes 
Libro_989,Autor_989,67,relatos poesia religion ensayo 
Libro_990,Autor_990,446,ciencia religion drama fantasia infantil thriller cine romance 
Libro_991,Autor_991,187,leyendas tecnologia thriller cine 
Libro_992,Autor_992,423,ensayo moda ficcion juegos 
Libro_993,Autor_993,361,fotografia tecnologia musica politica ensayo novela educacion policial ciencia 
Libro_994,Autor_994,462,deportes investigacion 
Libro_995,Autor_995,171,economia juegos 
Libro_996,Autor_996,185,leyendas informática marketing biografia cultura gastronomia educacion servicios tecnologia 
Libro_997,Autor_997,46,thriller leyendas negocios economia cultura 
Libro_998,Autor_998,284,novela negocios cine 
Libro_999,Autor_999,176,leyendas filosofia cine drama 
Libro_1000,Autor_1000,370,filosofia relatos periodismo ensayo cine educacion humor 
